Class	PixelSum	Percentage %	Area [metre^2]
0	481	0.2711875873889315	120250000
1	176887	99.72881241261106	44221750000
