Class	PixelSum	Percentage %	Area [metre^2]
0	689	0.38845789544901	172250000
1	176679	99.61154210455099	44169750000
