Class	PixelSum	Percentage %	Area [metre^2]
0	509	0.28697397501240357	127250000
1	176859	99.7130260249876	44214750000
