Class	PixelSum	Percentage %	Area [metre^2]
0	1804	1.0170944025979884	451000000
1	175564	98.98290559740201	43891000000
